id,travel_date,day_of_week
101,2009-01-01 00:00:00,Thursday
102,2009-01-02 00:00:00,Friday
105,2009-01-05 00:00:00,Monday
106,2009-01-06 00:00:00,Tuesday
107,2009-01-07 00:00:00,Wednesday
108,2009-01-08 00:00:00,Thursday
109,2008-01-09 00:00:00,Friday
112,2009-01-12 00:00:00,Monday
113,2009-01-13 00:00:00,Tuesday
114,2009-01-14 00:00:00,Wednesday
115,2009-01-15 00:00:00,Thursday
116,2009-01-16 00:00:00,Friday
119,2009-01-19 00:00:00,Monday
120,2009-01-20 00:00:00,Tuesday
121,2009-01-21 00:00:00,Wednesday
122,2009-01-22 00:00:00,Thursday
123,2009-01-23 00:00:00,Friday
126,2009-01-26 00:00:00,Monday
127,2009-01-27 00:00:00,Tuesday
128,2009-01-28 00:00:00,Wednesday
129,2009-01-29 00:00:00,Thursday
130,2009-01-30 00:00:00,Friday
133,2009-02-02 00:00:00,Monday
134,2009-02-03 00:00:00,Tuesday
135,2009-02-04 00:00:00,Wednesday
136,2009-02-05 00:00:00,Thursday
137,2009-02-06 00:00:00,Friday
140,2009-02-09 00:00:00,Monday
141,2009-02-10 00:00:00,Tuesday
142,2009-02-11 00:00:00,Wednesday
143,2009-02-12 00:00:00,Thursday
144,2009-02-13 00:00:00,Friday
147,2009-02-16 00:00:00,Monday
148,2009-02-17 00:00:00,Tuesday
149,2009-02-18 00:00:00,Wednesday
150,2009-02-19 00:00:00,Thursday
151,2009-02-20 00:00:00,Friday
154,2009-02-23 00:00:00,Monday
155,2009-02-24 00:00:00,Tuesday
156,2009-02-25 00:00:00,Wednesday
157,2009-02-26 00:00:00,Thursday
158,2009-02-27 00:00:00,Friday
162,2009-03-02 00:00:00,Monday
163,2009-03-03 00:00:00,Tuesday
164,2009-03-04 00:00:00,Wednesday
165,2009-03-05 00:00:00,Thursday
166,2009-03-06 00:00:00,Friday
169,2009-03-09 00:00:00,Monday
170,2009-03-10 00:00:00,Tuesday
171,2009-03-11 00:00:00,Wednesday
172,2009-03-12 00:00:00,Thursday
173,2009-03-13 00:00:00,Friday
176,2009-03-16 00:00:00,Monday
177,2009-03-17 00:00:00,Tuesday
178,2009-03-18 00:00:00,Wednesday
179,2009-03-19 00:00:00,Thursday
180,2009-03-20 00:00:00,Friday
183,2009-03-23 00:00:00,Monday
184,2009-03-24 00:00:00,Tuesday
185,2009-03-25 00:00:00,Wednesday
186,2009-03-26 00:00:00,Thursday
187,2009-03-27 00:00:00,Friday
190,2009-03-30 00:00:00,Monday
191,2009-03-31 00:00:00,Tuesday
192,2009-04-01 00:00:00,Wednesday
193,2009-04-02 00:00:00,Thursday
194,2009-04-03 00:00:00,Friday
197,2009-04-06 00:00:00,Monday
198,2009-04-07 00:00:00,Tuesday
199,2009-04-08 00:00:00,Wednesday
200,2009-04-09 00:00:00,Thursday
201,2009-04-10 00:00:00,Friday
204,2009-04-13 00:00:00,Monday
205,2009-04-14 00:00:00,Tuesday
206,2009-04-15 00:00:00,Wednesday
207,2009-04-16 00:00:00,Thursday
208,2009-04-17 00:00:00,Friday
211,2009-04-20 00:00:00,Monday
212,2009-04-21 00:00:00,Tuesday
213,2009-04-22 00:00:00,Wednesday
214,2009-04-23 00:00:00,Thursday
215,2009-04-24 00:00:00,Friday
218,2009-04-27 00:00:00,Monday
219,2009-04-28 00:00:00,Tuesday
220,2009-04-29 00:00:00,Wednesday
221,2009-04-30 00:00:00,Thursday
222,2009-05-01 00:00:00,Friday
225,2009-05-04 00:00:00,Monday
226,2009-05-05 00:00:00,Tuesday
227,2009-05-06 00:00:00,Wednesday
228,2009-05-07 00:00:00,Thursday
229,2009-05-08 00:00:00,Friday
232,2009-05-11 00:00:00,Monday
233,2009-05-12 00:00:00,Tuesday
234,2009-05-13 00:00:00,Wednesday
235,2009-05-14 00:00:00,Thursday
236,2009-05-15 00:00:00,Friday
239,2009-05-18 00:00:00,Monday
240,2009-05-19 00:00:00,Tuesday
241,2009-05-20 00:00:00,Wednesday
242,2009-05-21 00:00:00,Thursday
243,2009-05-22 00:00:00,Friday
246,2009-05-25 00:00:00,Monday
247,2009-05-26 00:00:00,Tuesday
248,2009-05-27 00:00:00,Wednesday
249,2009-05-28 00:00:00,Thursday
250,2009-05-29 00:00:00,Friday
253,2009-06-01 00:00:00,Monday
254,2009-06-02 00:00:00,Tuesday
255,2009-06-03 00:00:00,Wednesday
256,2009-06-04 00:00:00,Thursday
257,2009-06-05 00:00:00,Friday
260,2009-06-08 00:00:00,Monday
261,2009-06-09 00:00:00,Tuesday
262,2009-06-10 00:00:00,Wednesday
263,2009-06-11 00:00:00,Thursday
264,2009-06-12 00:00:00,Friday
267,2009-06-15 00:00:00,Monday
268,2009-06-16 00:00:00,Tuesday
269,2009-06-17 00:00:00,Wednesday
270,2009-06-18 00:00:00,Thursday
271,2009-06-19 00:00:00,Friday
274,2009-06-22 00:00:00,Monday
275,2009-06-23 00:00:00,Tuesday
276,2009-06-24 00:00:00,Wednesday
277,2009-06-25 00:00:00,Thursday
278,2009-06-26 00:00:00,Friday
281,2009-06-29 00:00:00,Monday
282,2009-06-30 00:00:00,Tuesday
283,2009-07-01 00:00:00,Wednesday
284,2009-07-02 00:00:00,Thursday
285,2009-07-03 00:00:00,Friday
288,2009-07-06 00:00:00,Monday
289,2009-07-07 00:00:00,Tuesday
290,2009-07-08 00:00:00,Wednesday
291,2009-07-09 00:00:00,Thursday
292,2009-07-10 00:00:00,Friday
295,2009-07-13 00:00:00,Monday
296,2009-07-14 00:00:00,Tuesday
297,2009-07-15 00:00:00,Wednesday
298,2009-07-16 00:00:00,Thursday
299,2009-07-17 00:00:00,Friday
302,2009-07-20 00:00:00,Monday
303,2009-07-21 00:00:00,Tuesday
304,2009-07-22 00:00:00,Wednesday
305,2009-07-23 00:00:00,Thursday
306,2009-07-24 00:00:00,Friday
309,2009-07-27 00:00:00,Monday
310,2009-07-28 00:00:00,Tuesday
311,2009-07-29 00:00:00,Wednesday
312,2009-07-30 00:00:00,Thursday
313,2009-07-31 00:00:00,Friday
316,2009-08-03 00:00:00,Monday
317,2009-08-04 00:00:00,Tuesday
318,2009-08-05 00:00:00,Wednesday
319,2009-08-06 00:00:00,Thursday
320,2009-08-07 00:00:00,Friday
323,2009-08-10 00:00:00,Monday
324,2009-08-11 00:00:00,Tuesday
325,2009-08-12 00:00:00,Wednesday
326,2009-08-13 00:00:00,Thursday
327,2009-08-14 00:00:00,Friday
330,2009-08-17 00:00:00,Monday
331,2009-08-18 00:00:00,Tuesday
332,2009-08-19 00:00:00,Wednesday
333,2009-08-20 00:00:00,Thursday
334,2009-08-21 00:00:00,Friday
337,2009-08-24 00:00:00,Monday
338,2009-08-25 00:00:00,Tuesday
339,2009-08-26 00:00:00,Wednesday
340,2009-08-27 00:00:00,Thursday
341,2009-08-28 00:00:00,Friday
344,2009-08-31 00:00:00,Monday
345,2009-09-01 00:00:00,Tuesday
346,2009-09-02 00:00:00,Wednesday
347,2009-09-03 00:00:00,Thursday
348,2009-09-04 00:00:00,Friday
351,2009-09-07 00:00:00,Monday
352,2009-09-08 00:00:00,Tuesday
353,2009-09-09 00:00:00,Wednesday
354,2009-09-10 00:00:00,Thursday
355,2009-09-11 00:00:00,Friday
358,2009-09-14 00:00:00,Monday
359,2009-09-15 00:00:00,Tuesday
360,2009-09-16 00:00:00,Wednesday
361,2009-09-17 00:00:00,Thursday
362,2009-09-18 00:00:00,Friday
365,2009-09-21 00:00:00,Monday
366,2009-09-22 00:00:00,Tuesday
367,2009-09-23 00:00:00,Wednesday
368,2009-09-24 00:00:00,Thursday
369,2009-09-25 00:00:00,Friday
372,2009-09-28 00:00:00,Monday
373,2009-09-29 00:00:00,Tuesday
374,2009-09-30 00:00:00,Wednesday
375,2009-10-01 00:00:00,Thursday
376,2009-10-02 00:00:00,Friday
379,2009-10-05 00:00:00,Monday
380,2009-10-06 00:00:00,Tuesday
381,2009-10-07 00:00:00,Wednesday
382,2009-10-08 00:00:00,Thursday
383,2009-10-09 00:00:00,Friday
386,2009-10-12 00:00:00,Monday
387,2009-10-13 00:00:00,Tuesday
388,2009-10-14 00:00:00,Wednesday
389,2009-10-15 00:00:00,Thursday
390,2009-10-16 00:00:00,Friday
393,2009-10-19 00:00:00,Monday
394,2009-10-20 00:00:00,Tuesday
395,2009-10-21 00:00:00,Wednesday
396,2009-10-22 00:00:00,Thursday
397,2009-10-23 00:00:00,Friday
400,2009-10-26 00:00:00,Monday
401,2009-10-27 00:00:00,Tuesday
402,2009-10-28 00:00:00,Wednesday
403,2009-10-29 00:00:00,Thursday
404,2009-10-30 00:00:00,Friday
407,2009-11-02 00:00:00,Monday
408,2009-11-03 00:00:00,Tuesday
409,2009-11-04 00:00:00,Wednesday
410,2009-11-05 00:00:00,Thursday
411,2009-11-06 00:00:00,Friday
414,2009-11-09 00:00:00,Monday
415,2009-11-10 00:00:00,Tuesday
416,2009-11-11 00:00:00,Wednesday
417,2009-11-12 00:00:00,Thursday
418,2009-11-13 00:00:00,Friday
421,2009-11-16 00:00:00,Monday
422,2009-11-17 00:00:00,Tuesday
423,2009-11-18 00:00:00,Wednesday
424,2009-11-19 00:00:00,Thursday
425,2009-11-20 00:00:00,Friday
428,2009-11-23 00:00:00,Monday
429,2009-11-24 00:00:00,Tuesday
430,2009-11-25 00:00:00,Wednesday
431,2009-11-26 00:00:00,Thursday
432,2009-11-27 00:00:00,Friday
435,2009-11-30 00:00:00,Monday
436,2009-12-01 00:00:00,Tuesday
437,2009-12-02 00:00:00,Wednesday
438,2009-12-03 00:00:00,Thursday
439,2009-12-04 00:00:00,Friday
442,2009-12-07 00:00:00,Monday
443,2009-12-08 00:00:00,Tuesday
444,2009-12-09 00:00:00,Wednesday
445,2009-12-10 00:00:00,Thursday
446,2009-12-11 00:00:00,Friday
449,2009-12-14 00:00:00,Monday
450,2009-12-15 00:00:00,Tuesday
451,2009-12-16 00:00:00,Wednesday
452,2009-12-17 00:00:00,Thursday
453,2009-12-18 00:00:00,Friday
456,2009-12-21 00:00:00,Monday
457,2009-12-22 00:00:00,Tuesday
458,2009-12-23 00:00:00,Wednesday
459,2009-12-24 00:00:00,Thursday
460,2009-12-25 00:00:00,Friday
463,2009-12-28 00:00:00,Monday
464,2009-12-29 00:00:00,Tuesday
465,2009-12-30 00:00:00,Wednesday
466,2009-12-31 00:00:00,Thursday
501,2010-01-01 00:00:00,Friday
502,2010-01-02 00:00:00,Saturday
503,2010-01-03 00:00:00,Sunday
504,2010-01-04 00:00:00,Monday
505,2010-01-05 00:00:00,Tuesday
506,2010-01-06 00:00:00,Wednesday
507,2010-01-07 00:00:00,Thursday
508,2010-01-08 00:00:00,Friday
509,2010-01-09 00:00:00,Saturday
510,2010-01-10 00:00:00,Sunday
511,2010-01-11 00:00:00,Monday
512,2010-01-12 00:00:00,Tuesday
513,2010-01-13 00:00:00,Wednesday
514,2010-01-14 00:00:00,Thursday
515,2010-01-15 00:00:00,Friday
516,2010-01-16 00:00:00,Saturday
517,2010-01-17 00:00:00,Sunday
518,2010-01-18 00:00:00,Monday
519,2010-01-19 00:00:00,Tuesday
520,2010-01-20 00:00:00,Wednesday
521,2010-01-21 00:00:00,Thursday
522,2010-01-22 00:00:00,Friday
523,2010-01-23 00:00:00,Saturday
524,2010-01-24 00:00:00,Sunday
525,2010-01-25 00:00:00,Monday
526,2010-01-26 00:00:00,Tuesday
527,2010-01-27 00:00:00,Wednesday
528,2010-01-28 00:00:00,Thursday
529,2010-01-29 00:00:00,Friday
530,2010-01-30 00:00:00,Saturday
531,2010-01-31 00:00:00,Sunday
532,2010-02-01 00:00:00,Monday
533,2010-02-02 00:00:00,Tuesday
534,2010-02-03 00:00:00,Wednesday
535,2010-02-04 00:00:00,Thursday
536,2010-02-05 00:00:00,Friday
537,2010-02-06 00:00:00,Saturday
538,2010-02-07 00:00:00,Sunday
539,2010-02-08 00:00:00,Monday
540,2010-02-09 00:00:00,Tuesday
541,2010-02-10 00:00:00,Wednesday
542,2010-02-11 00:00:00,Thursday
543,2010-02-12 00:00:00,Friday
544,2010-02-13 00:00:00,Saturday
545,2010-02-14 00:00:00,Sunday
546,2010-02-15 00:00:00,Monday
547,2010-02-16 00:00:00,Tuesday
548,2010-02-17 00:00:00,Wednesday
549,2010-02-18 00:00:00,Thursday
550,2010-02-19 00:00:00,Friday
551,2010-02-20 00:00:00,Saturday
552,2010-02-21 00:00:00,Sunday
553,2010-02-22 00:00:00,Monday
554,2010-02-23 00:00:00,Tuesday
555,2010-02-24 00:00:00,Wednesday
556,2010-02-25 00:00:00,Thursday
557,2010-02-26 00:00:00,Friday
558,2010-02-27 00:00:00,Saturday
559,2010-02-28 00:00:00,Sunday
560,,
561,2010-03-01 00:00:00,Monday
562,2010-03-02 00:00:00,Tuesday
563,2010-03-03 00:00:00,Wednesday
564,2010-03-04 00:00:00,Thursday
565,2010-03-05 00:00:00,Friday
566,2010-03-06 00:00:00,Saturday
567,2010-03-07 00:00:00,Sunday
568,2010-03-08 00:00:00,Monday
569,2010-03-09 00:00:00,Tuesday
570,2010-03-10 00:00:00,Wednesday
571,2010-03-11 00:00:00,Thursday
572,2010-03-12 00:00:00,Friday
573,2010-03-13 00:00:00,Saturday
574,2010-03-14 00:00:00,Sunday
575,2010-03-15 00:00:00,Monday
576,2010-03-16 00:00:00,Tuesday
577,2010-03-17 00:00:00,Wednesday
578,2010-03-18 00:00:00,Thursday
579,2010-03-19 00:00:00,Friday
580,2010-03-20 00:00:00,Saturday
581,2010-03-21 00:00:00,Sunday
582,2010-03-22 00:00:00,Monday
583,2010-03-23 00:00:00,Tuesday
584,2010-03-24 00:00:00,Wednesday
585,2010-03-25 00:00:00,Thursday
586,2010-03-26 00:00:00,Friday
587,2010-03-27 00:00:00,Saturday
588,2010-03-28 00:00:00,Sunday
589,2010-03-29 00:00:00,Monday
590,2010-03-30 00:00:00,Tuesday
591,2010-03-31 00:00:00,Wednesday
592,2010-04-01 00:00:00,Thursday
593,2010-04-02 00:00:00,Friday
594,2010-04-03 00:00:00,Saturday
595,2010-04-04 00:00:00,Sunday
596,2010-04-05 00:00:00,Monday
597,2010-04-06 00:00:00,Tuesday
598,2010-04-07 00:00:00,Wednesday
599,2010-04-08 00:00:00,Thursday
600,2010-04-09 00:00:00,Friday
601,2010-04-10 00:00:00,Saturday
602,2010-04-11 00:00:00,Sunday
603,2010-04-12 00:00:00,Monday
604,2010-04-13 00:00:00,Tuesday
605,2010-04-14 00:00:00,Wednesday
606,2010-04-15 00:00:00,Thursday
607,2010-04-16 00:00:00,Friday
608,2010-04-17 00:00:00,Saturday
609,2010-04-18 00:00:00,Sunday
610,2010-04-19 00:00:00,Monday
611,2010-04-20 00:00:00,Tuesday
612,2010-04-21 00:00:00,Wednesday
613,2010-04-22 00:00:00,Thursday
614,2010-04-23 00:00:00,Friday
615,2010-04-24 00:00:00,Saturday
616,2010-04-25 00:00:00,Sunday
617,2010-04-26 00:00:00,Monday
618,2010-04-27 00:00:00,Tuesday
619,2010-04-28 00:00:00,Wednesday
620,2010-04-29 00:00:00,Thursday
621,2010-04-30 00:00:00,Friday
622,2010-05-01 00:00:00,Saturday
623,2010-05-02 00:00:00,Sunday
624,2010-05-03 00:00:00,Monday
625,2010-05-04 00:00:00,Tuesday
626,2010-05-05 00:00:00,Wednesday
627,2010-05-06 00:00:00,Thursday
628,2010-05-07 00:00:00,Friday
629,2010-05-08 00:00:00,Saturday
630,2010-05-09 00:00:00,Sunday
631,2010-05-10 00:00:00,Monday
632,2010-05-11 00:00:00,Tuesday
633,2010-05-12 00:00:00,Wednesday
634,2010-05-13 00:00:00,Thursday
635,2010-05-14 00:00:00,Friday
636,2010-05-15 00:00:00,Saturday
637,2010-05-16 00:00:00,Sunday
638,2010-05-17 00:00:00,Monday
639,2010-05-18 00:00:00,Tuesday
640,2010-05-19 00:00:00,Wednesday
641,2010-05-20 00:00:00,Thursday
642,2010-05-21 00:00:00,Friday
643,2010-05-22 00:00:00,Saturday
644,2010-05-23 00:00:00,Sunday
645,2010-05-24 00:00:00,Monday
646,2010-05-25 00:00:00,Tuesday
647,2010-05-26 00:00:00,Wednesday
648,2010-05-27 00:00:00,Thursday
649,2010-05-28 00:00:00,Friday
650,2010-05-29 00:00:00,Saturday
651,2010-05-30 00:00:00,Sunday
652,2010-05-31 00:00:00,Monday
653,2010-06-01 00:00:00,Tuesday
654,2010-06-02 00:00:00,Wednesday
655,2010-06-03 00:00:00,Thursday
656,2010-06-04 00:00:00,Friday
657,2010-06-05 00:00:00,Saturday
658,2010-06-06 00:00:00,Sunday
659,2010-06-07 00:00:00,Monday
660,2010-06-08 00:00:00,Tuesday
661,2010-06-09 00:00:00,Wednesday
662,2010-06-10 00:00:00,Thursday
663,2010-06-11 00:00:00,Friday
664,2010-06-12 00:00:00,Saturday
665,2010-06-13 00:00:00,Sunday
666,2010-06-14 00:00:00,Monday
667,2010-06-15 00:00:00,Tuesday
668,2010-06-16 00:00:00,Wednesday
669,2010-06-17 00:00:00,Thursday
670,2010-06-18 00:00:00,Friday
671,2010-06-19 00:00:00,Saturday
672,2010-06-20 00:00:00,Sunday
673,2010-06-21 00:00:00,Monday
674,2010-06-22 00:00:00,Tuesday
675,2010-06-23 00:00:00,Wednesday
676,2010-06-24 00:00:00,Thursday
677,2010-06-25 00:00:00,Friday
678,2010-06-26 00:00:00,Saturday
679,2010-06-27 00:00:00,Sunday
680,2010-06-28 00:00:00,Monday
681,2010-06-29 00:00:00,Tuesday
682,2010-06-30 00:00:00,Wednesday
683,2010-07-01 00:00:00,Thursday
684,2010-07-02 00:00:00,Friday
685,2010-07-03 00:00:00,Saturday
686,2010-07-04 00:00:00,Sunday
687,2010-07-05 00:00:00,Monday
688,2010-07-06 00:00:00,Tuesday
689,2010-07-07 00:00:00,Wednesday
690,2010-07-08 00:00:00,Thursday
691,2010-07-09 00:00:00,Friday
692,2010-07-10 00:00:00,Saturday
693,2010-07-11 00:00:00,Sunday
694,2010-07-12 00:00:00,Monday
695,2010-07-13 00:00:00,Tuesday
696,2010-07-14 00:00:00,Wednesday
697,2010-07-15 00:00:00,Thursday
698,2010-07-16 00:00:00,Friday
699,2010-07-17 00:00:00,Saturday
700,2010-07-18 00:00:00,Sunday
701,2010-07-19 00:00:00,Monday
702,2010-07-20 00:00:00,Tuesday
703,2010-07-21 00:00:00,Wednesday
704,2010-07-22 00:00:00,Thursday
705,2010-07-23 00:00:00,Friday
706,2010-07-24 00:00:00,Saturday
707,2010-07-25 00:00:00,Sunday
708,2010-07-26 00:00:00,Monday
709,2010-07-27 00:00:00,Tuesday
710,2010-07-28 00:00:00,Wednesday
711,2010-07-29 00:00:00,Thursday
712,2010-07-30 00:00:00,Friday
713,2010-07-31 00:00:00,Saturday
714,2010-08-01 00:00:00,Sunday
715,2010-08-02 00:00:00,Monday
716,2010-08-03 00:00:00,Tuesday
717,2010-08-04 00:00:00,Wednesday
718,2010-08-05 00:00:00,Thursday
719,2010-08-06 00:00:00,Friday
720,2010-08-07 00:00:00,Saturday
721,2010-08-08 00:00:00,Sunday
722,2010-08-09 00:00:00,Monday
723,2010-08-10 00:00:00,Tuesday
724,2010-08-11 00:00:00,Wednesday
725,2010-08-12 00:00:00,Thursday
726,2010-08-13 00:00:00,Friday
727,2010-08-14 00:00:00,Saturday
728,2010-08-15 00:00:00,Sunday
729,2010-08-16 00:00:00,Monday
730,2010-08-17 00:00:00,Tuesday
731,2010-08-18 00:00:00,Wednesday
732,2010-08-19 00:00:00,Thursday
733,2010-08-20 00:00:00,Friday
734,2010-08-21 00:00:00,Saturday
735,2010-08-22 00:00:00,Sunday
736,2010-08-23 00:00:00,Monday
737,2010-08-24 00:00:00,Tuesday
738,2010-08-25 00:00:00,Wednesday
739,2010-08-26 00:00:00,Thursday
740,2010-08-27 00:00:00,Friday
741,2010-08-28 00:00:00,Saturday
742,2010-08-29 00:00:00,Sunday
743,2010-08-30 00:00:00,Monday
744,2010-08-31 00:00:00,Tuesday
745,2010-09-01 00:00:00,Wednesday
746,2010-09-02 00:00:00,Thursday
747,2010-09-03 00:00:00,Friday
748,2010-09-04 00:00:00,Saturday
749,2010-09-05 00:00:00,Sunday
750,2010-09-06 00:00:00,Monday
751,2010-09-07 00:00:00,Tuesday
752,2010-09-08 00:00:00,Wednesday
753,2010-09-09 00:00:00,Thursday
754,2010-09-10 00:00:00,Friday
755,2010-09-11 00:00:00,Saturday
756,2010-09-12 00:00:00,Sunday
757,2010-09-13 00:00:00,Monday
758,2010-09-14 00:00:00,Tuesday
759,2010-09-15 00:00:00,Wednesday
760,2010-09-16 00:00:00,Thursday
761,2010-09-17 00:00:00,Friday
762,2010-09-18 00:00:00,Saturday
763,2010-09-19 00:00:00,Sunday
764,2010-09-20 00:00:00,Monday
765,2010-09-21 00:00:00,Tuesday
766,2010-09-22 00:00:00,Wednesday
767,2010-09-23 00:00:00,Thursday
768,2010-09-24 00:00:00,Friday
769,2010-09-25 00:00:00,Saturday
770,2010-09-26 00:00:00,Sunday
771,2010-09-27 00:00:00,Monday
772,2010-09-28 00:00:00,Tuesday
773,2010-09-29 00:00:00,Wednesday
774,2010-09-30 00:00:00,Thursday
775,2010-10-01 00:00:00,Friday
776,2010-10-02 00:00:00,Saturday
777,2010-10-03 00:00:00,Sunday
778,2010-10-04 00:00:00,Monday
779,2010-10-05 00:00:00,Tuesday
780,2010-10-06 00:00:00,Wednesday
781,2010-10-07 00:00:00,Thursday
782,2010-10-08 00:00:00,Friday
783,2010-10-09 00:00:00,Saturday
784,2010-10-10 00:00:00,Sunday
785,2010-10-11 00:00:00,Monday
786,2010-10-12 00:00:00,Tuesday
787,2010-10-13 00:00:00,Wednesday
788,2010-10-14 00:00:00,Thursday
789,2010-10-15 00:00:00,Friday
790,2010-10-16 00:00:00,Saturday
791,2010-10-17 00:00:00,Sunday
792,2010-10-18 00:00:00,Monday
793,2010-10-19 00:00:00,Tuesday
794,2010-10-20 00:00:00,Wednesday
795,2010-10-21 00:00:00,Thursday
796,2010-10-22 00:00:00,Friday
797,2010-10-23 00:00:00,Saturday
798,2010-10-24 00:00:00,Sunday
799,2010-10-25 00:00:00,Monday
800,2010-10-26 00:00:00,Tuesday
801,2010-10-27 00:00:00,Wednesday
802,2010-10-28 00:00:00,Thursday
803,2010-10-29 00:00:00,Friday
804,2010-10-30 00:00:00,Saturday
805,2010-10-31 00:00:00,Sunday
806,2010-11-01 00:00:00,Monday
807,2010-11-02 00:00:00,Tuesday
808,2010-11-03 00:00:00,Wednesday
809,2010-11-04 00:00:00,Thursday
810,2010-11-05 00:00:00,Friday
811,2010-11-06 00:00:00,Saturday
812,2010-11-07 00:00:00,Sunday
813,2010-11-08 00:00:00,Monday
814,2010-11-09 00:00:00,Tuesday
815,2010-11-10 00:00:00,Wednesday
816,2010-11-11 00:00:00,Thursday
817,2010-11-12 00:00:00,Friday
818,2010-11-13 00:00:00,Saturday
819,2010-11-14 00:00:00,Sunday
820,2010-11-15 00:00:00,Monday
821,2010-11-16 00:00:00,Tuesday
822,2010-11-17 00:00:00,Wednesday
823,2010-11-18 00:00:00,Thursday
824,2010-11-19 00:00:00,Friday
825,2010-11-20 00:00:00,Saturday
826,2010-11-21 00:00:00,Sunday
827,2010-11-22 00:00:00,Monday
828,2010-11-23 00:00:00,Tuesday
829,2010-11-24 00:00:00,Wednesday
830,2010-11-25 00:00:00,Thursday
831,2010-11-26 00:00:00,Friday
832,2010-11-27 00:00:00,Saturday
833,2010-11-28 00:00:00,Sunday
834,2010-11-29 00:00:00,Monday
835,2010-11-30 00:00:00,Tuesday
836,2010-12-01 00:00:00,Wednesday
837,2010-12-02 00:00:00,Thursday
838,2010-12-03 00:00:00,Friday
839,2010-12-04 00:00:00,Saturday
840,2010-12-05 00:00:00,Sunday
841,2010-12-06 00:00:00,Monday
842,2010-12-07 00:00:00,Tuesday
843,2010-12-08 00:00:00,Wednesday
844,2010-12-09 00:00:00,Thursday
845,2010-12-10 00:00:00,Friday
846,2010-12-11 00:00:00,Saturday
847,2010-12-12 00:00:00,Sunday
848,2010-12-13 00:00:00,Monday
849,2010-12-14 00:00:00,Tuesday
850,2010-12-15 00:00:00,Wednesday
851,2010-12-16 00:00:00,Thursday
852,2010-12-17 00:00:00,Friday
853,2010-12-18 00:00:00,Saturday
854,2010-12-19 00:00:00,Sunday
855,2010-12-20 00:00:00,Monday
856,2010-12-21 00:00:00,Tuesday
857,2010-12-22 00:00:00,Wednesday
858,2010-12-23 00:00:00,Thursday
859,2010-12-24 00:00:00,Friday
860,2010-12-25 00:00:00,Saturday
861,2010-12-26 00:00:00,Sunday
862,2010-12-27 00:00:00,Monday
863,2010-12-28 00:00:00,Tuesday
864,2010-12-29 00:00:00,Wednesday
865,2010-12-30 00:00:00,Thursday
866,2010-12-31 00:00:00,Friday
11101,2011-01-01 00:00:00,Saturday
11102,2011-01-02 00:00:00,Sunday
11103,2011-01-03 00:00:00,Monday
11104,2011-01-04 00:00:00,Tuesday
11105,2011-01-05 00:00:00,Wednesday
11106,2011-01-06 00:00:00,Thursday
11107,2011-01-07 00:00:00,Friday
11108,2011-01-08 00:00:00,Saturday
11109,2011-01-09 00:00:00,Sunday
11110,2011-01-10 00:00:00,Monday
11111,2011-01-11 00:00:00,Tuesday
11112,2011-01-12 00:00:00,Wednesday
11113,2011-01-13 00:00:00,Thursday
11114,2011-01-14 00:00:00,Friday
11115,2011-01-15 00:00:00,Saturday
11116,2011-01-16 00:00:00,Sunday
11117,2011-01-17 00:00:00,Monday
11118,2011-01-18 00:00:00,Tuesday
11119,2011-01-19 00:00:00,Wednesday
11120,2011-01-20 00:00:00,Thursday
11121,2011-01-21 00:00:00,Friday
11122,2011-01-22 00:00:00,Saturday
11123,2011-01-23 00:00:00,Sunday
11124,2011-01-24 00:00:00,Monday
11125,2011-01-25 00:00:00,Tuesday
11126,2011-01-26 00:00:00,Wednesday
11127,2011-01-27 00:00:00,Thursday
11128,2011-01-28 00:00:00,Friday
11129,2011-01-29 00:00:00,Saturday
11130,2011-01-30 00:00:00,Sunday
11131,2011-01-31 00:00:00,Monday
11132,2011-02-01 00:00:00,Tuesday
11133,2011-02-02 00:00:00,Wednesday
11134,2011-02-03 00:00:00,Thursday
11135,2011-02-04 00:00:00,Friday
11136,2011-02-05 00:00:00,Saturday
11137,2011-02-06 00:00:00,Sunday
11138,2011-02-07 00:00:00,Monday
11139,2011-02-08 00:00:00,Tuesday
11140,2011-02-09 00:00:00,Wednesday
11141,2011-02-10 00:00:00,Thursday
11142,2011-02-11 00:00:00,Friday
11143,2011-02-12 00:00:00,Saturday
11144,2011-02-13 00:00:00,Sunday
11145,2011-02-14 00:00:00,Monday
11146,2011-02-15 00:00:00,Tuesday
11147,2011-02-16 00:00:00,Wednesday
11148,2011-02-17 00:00:00,Thursday
11149,2011-02-18 00:00:00,Friday
11150,2011-02-19 00:00:00,Saturday
11151,2011-02-20 00:00:00,Sunday
11152,2011-02-21 00:00:00,Monday
11153,2011-02-22 00:00:00,Tuesday
11154,2011-02-23 00:00:00,Wednesday
11155,2011-02-24 00:00:00,Thursday
11156,2011-02-25 00:00:00,Friday
11157,2011-02-26 00:00:00,Saturday
11158,2011-02-27 00:00:00,Sunday
11159,2011-02-28 00:00:00,Monday
11160,,
11161,2011-03-01 00:00:00,Tuesday
11162,2011-03-02 00:00:00,Wednesday
11163,2011-03-03 00:00:00,Thursday
11164,2011-03-04 00:00:00,Friday
11165,2011-03-05 00:00:00,Saturday
11166,2011-03-06 00:00:00,Sunday
11167,2011-03-07 00:00:00,Monday
11168,2011-03-08 00:00:00,Tuesday
11169,2011-03-09 00:00:00,Wednesday
11170,2011-03-10 00:00:00,Thursday
11171,2011-03-11 00:00:00,Friday
11172,2011-03-12 00:00:00,Saturday
11173,2011-03-13 00:00:00,Sunday
11174,2011-03-14 00:00:00,Monday
11175,2011-03-15 00:00:00,Tuesday
11176,2011-03-16 00:00:00,Wednesday
11177,2011-03-17 00:00:00,Thursday
11178,2011-03-18 00:00:00,Friday
11179,2011-03-19 00:00:00,Saturday
11180,2011-03-20 00:00:00,Sunday
11181,2011-03-21 00:00:00,Monday
11182,2011-03-22 00:00:00,Tuesday
11183,2011-03-23 00:00:00,Wednesday
11184,2011-03-24 00:00:00,Thursday
11185,2011-03-25 00:00:00,Friday
11186,2011-03-26 00:00:00,Saturday
11187,2011-03-27 00:00:00,Sunday
11188,2011-03-28 00:00:00,Monday
11189,2011-03-29 00:00:00,Tuesday
11190,2011-03-30 00:00:00,Wednesday
11191,2011-03-31 00:00:00,Thursday
11192,2011-04-01 00:00:00,Friday
11193,2011-04-02 00:00:00,Saturday
11194,2011-04-03 00:00:00,Sunday
11195,2011-04-04 00:00:00,Monday
11196,2011-04-05 00:00:00,Tuesday
11197,2011-04-06 00:00:00,Wednesday
11198,2011-04-07 00:00:00,Thursday
11199,2011-04-08 00:00:00,Friday
11200,2011-04-09 00:00:00,Saturday
11201,2011-04-10 00:00:00,Sunday
11202,2011-04-11 00:00:00,Monday
11203,2011-04-12 00:00:00,Tuesday
11204,2011-04-13 00:00:00,Wednesday
11205,2011-04-14 00:00:00,Thursday
11206,2011-04-15 00:00:00,Friday
11207,2011-04-16 00:00:00,Saturday
11208,2011-04-17 00:00:00,Sunday
11209,2011-04-18 00:00:00,Monday
11210,2011-04-19 00:00:00,Tuesday
11211,2011-04-20 00:00:00,Wednesday
11212,2011-04-21 00:00:00,Thursday
11213,2011-04-22 00:00:00,Friday
11214,2011-04-23 00:00:00,Saturday
11215,2011-04-24 00:00:00,Sunday
11216,2011-04-25 00:00:00,Monday
11217,2011-04-26 00:00:00,Tuesday
11218,2011-04-27 00:00:00,Wednesday
11219,2011-04-28 00:00:00,Thursday
11220,2011-04-29 00:00:00,Friday
11221,2011-04-30 00:00:00,Saturday
11222,2011-05-01 00:00:00,Sunday
11223,2011-05-02 00:00:00,Monday
11224,2011-05-03 00:00:00,Tuesday
11225,2011-05-04 00:00:00,Wednesday
11226,2011-05-05 00:00:00,Thursday
11227,2011-05-06 00:00:00,Friday
11228,2011-05-07 00:00:00,Saturday
11229,2011-05-08 00:00:00,Sunday
11230,2011-05-09 00:00:00,Monday
11231,2011-05-10 00:00:00,Tuesday
11232,2011-05-11 00:00:00,Wednesday
11233,2011-05-12 00:00:00,Thursday
11234,2011-05-13 00:00:00,Friday
11235,2011-05-14 00:00:00,Saturday
11236,2011-05-15 00:00:00,Sunday
11237,2011-05-16 00:00:00,Monday
11238,2011-05-17 00:00:00,Tuesday
11239,2011-05-18 00:00:00,Wednesday
11240,2011-05-19 00:00:00,Thursday
11241,2011-05-20 00:00:00,Friday
11242,2011-05-21 00:00:00,Saturday
11243,2011-05-22 00:00:00,Sunday
11244,2011-05-23 00:00:00,Monday
11245,2011-05-24 00:00:00,Tuesday
11246,2011-05-25 00:00:00,Wednesday
11247,2011-05-26 00:00:00,Thursday
11248,2011-05-27 00:00:00,Friday
11249,2011-05-28 00:00:00,Saturday
11250,2011-05-29 00:00:00,Sunday
11251,2011-05-30 00:00:00,Monday
11252,2011-05-31 00:00:00,Tuesday
11253,2011-06-01 00:00:00,Wednesday
11254,2011-06-02 00:00:00,Thursday
11255,2011-06-03 00:00:00,Friday
11256,2011-06-04 00:00:00,Saturday
11257,2011-06-05 00:00:00,Sunday
11258,2011-06-06 00:00:00,Monday
11259,2011-06-07 00:00:00,Tuesday
11260,2011-06-08 00:00:00,Wednesday
11261,2011-06-09 00:00:00,Thursday
11262,2011-06-10 00:00:00,Friday
11263,2011-06-11 00:00:00,Saturday
11264,2011-06-12 00:00:00,Sunday
11265,2011-06-13 00:00:00,Monday
11266,2011-06-14 00:00:00,Tuesday
11267,2011-06-15 00:00:00,Wednesday
11268,2011-06-16 00:00:00,Thursday
11269,2011-06-17 00:00:00,Friday
11270,2011-06-18 00:00:00,Saturday
11271,2011-06-19 00:00:00,Sunday
11272,2011-06-20 00:00:00,Monday
11273,2011-06-21 00:00:00,Tuesday
11274,2011-06-22 00:00:00,Wednesday
11275,2011-06-23 00:00:00,Thursday
11276,2011-06-24 00:00:00,Friday
11277,2011-06-25 00:00:00,Saturday
11278,2011-06-26 00:00:00,Sunday
11279,2011-06-27 00:00:00,Monday
11280,2011-06-28 00:00:00,Tuesday
11281,2011-06-29 00:00:00,Wednesday
11282,2011-06-30 00:00:00,Thursday
11283,2011-07-01 00:00:00,Friday
11284,2011-07-02 00:00:00,Saturday
11285,2011-07-03 00:00:00,Sunday
11286,2011-07-04 00:00:00,Monday
11287,2011-07-05 00:00:00,Tuesday
11288,2011-07-06 00:00:00,Wednesday
11289,2011-07-07 00:00:00,Thursday
11290,2011-07-08 00:00:00,Friday
11291,2011-07-09 00:00:00,Saturday
11292,2011-07-10 00:00:00,Sunday
11293,2011-07-11 00:00:00,Monday
11294,2011-07-12 00:00:00,Tuesday
11295,2011-07-13 00:00:00,Wednesday
11296,2011-07-14 00:00:00,Thursday
11297,2011-07-15 00:00:00,Friday
11298,2011-07-16 00:00:00,Saturday
11299,2011-07-17 00:00:00,Sunday
11300,2011-07-18 00:00:00,Monday
11301,2011-07-19 00:00:00,Tuesday
11302,2011-07-20 00:00:00,Wednesday
11303,2011-07-21 00:00:00,Thursday
11304,2011-07-22 00:00:00,Friday
11305,2011-07-23 00:00:00,Saturday
11306,2011-07-24 00:00:00,Sunday
11307,2011-07-25 00:00:00,Monday
11308,2011-07-26 00:00:00,Tuesday
11309,2011-07-27 00:00:00,Wednesday
11310,2011-07-28 00:00:00,Thursday
11311,2011-07-29 00:00:00,Friday
11312,2011-07-30 00:00:00,Saturday
11313,2011-07-31 00:00:00,Sunday
11314,2011-08-01 00:00:00,Monday
11315,2011-08-02 00:00:00,Tuesday
11316,2011-08-03 00:00:00,Wednesday
11317,2011-08-04 00:00:00,Thursday
11318,2011-08-05 00:00:00,Friday
11319,2011-08-06 00:00:00,Saturday
11320,2011-08-07 00:00:00,Sunday
11321,2011-08-08 00:00:00,Monday
11322,2011-08-09 00:00:00,Tuesday
11323,2011-08-10 00:00:00,Wednesday
11324,2011-08-11 00:00:00,Thursday
11325,2011-08-12 00:00:00,Friday
11326,2011-08-13 00:00:00,Saturday
11327,2011-08-14 00:00:00,Sunday
11328,2011-08-15 00:00:00,Monday
11329,2011-08-16 00:00:00,Tuesday
11330,2011-08-17 00:00:00,Wednesday
11331,2011-08-18 00:00:00,Thursday
11332,2011-08-19 00:00:00,Friday
11333,2011-08-20 00:00:00,Saturday
11334,2011-08-21 00:00:00,Sunday
11335,2011-08-22 00:00:00,Monday
11336,2011-08-23 00:00:00,Tuesday
11337,2011-08-24 00:00:00,Wednesday
11338,2011-08-25 00:00:00,Thursday
11339,2011-08-26 00:00:00,Friday
11340,2011-08-27 00:00:00,Saturday
11341,2011-08-28 00:00:00,Sunday
11342,2011-08-29 00:00:00,Monday
11343,2011-08-30 00:00:00,Tuesday
11344,2011-08-31 00:00:00,Wednesday
11345,2011-09-01 00:00:00,Thursday
11346,2011-09-02 00:00:00,Friday
11347,2011-09-03 00:00:00,Saturday
11348,2011-09-04 00:00:00,Sunday
11349,2011-09-05 00:00:00,Monday
11350,2011-09-06 00:00:00,Tuesday
11351,2011-09-07 00:00:00,Wednesday
11352,2011-09-08 00:00:00,Thursday
11353,2011-09-09 00:00:00,Friday
11354,2011-09-10 00:00:00,Saturday
11355,2011-09-11 00:00:00,Sunday
11356,2011-09-12 00:00:00,Monday
11357,2011-09-13 00:00:00,Tuesday
11358,2011-09-14 00:00:00,Wednesday
11359,2011-09-15 00:00:00,Thursday
11360,2011-09-16 00:00:00,Friday
11361,2011-09-17 00:00:00,Saturday
11362,2011-09-18 00:00:00,Sunday
11363,2011-09-19 00:00:00,Monday
11364,2011-09-20 00:00:00,Tuesday
11365,2011-09-21 00:00:00,Wednesday
11366,2011-09-22 00:00:00,Thursday
11367,2011-09-23 00:00:00,Friday
11368,2011-09-24 00:00:00,Saturday
11369,2011-09-25 00:00:00,Sunday
11370,2011-09-26 00:00:00,Monday
11371,2011-09-27 00:00:00,Tuesday
11372,2011-09-28 00:00:00,Wednesday
11373,2011-09-29 00:00:00,Thursday
11374,2011-09-30 00:00:00,Friday
11375,2011-10-01 00:00:00,Saturday
11376,2011-10-02 00:00:00,Sunday
11377,2011-10-03 00:00:00,Monday
11378,2011-10-04 00:00:00,Tuesday
11379,2011-10-05 00:00:00,Wednesday
11380,2011-10-06 00:00:00,Thursday
11381,2011-10-07 00:00:00,Friday
11382,2011-10-08 00:00:00,Saturday
11383,2011-10-09 00:00:00,Sunday
11384,2011-10-10 00:00:00,Monday
11385,2011-10-11 00:00:00,Tuesday
11386,2011-10-12 00:00:00,Wednesday
11387,2011-10-13 00:00:00,Thursday
11388,2011-10-14 00:00:00,Friday
11389,2011-10-15 00:00:00,Saturday
11390,2011-10-16 00:00:00,Sunday
11391,2011-10-17 00:00:00,Monday
11392,2011-10-18 00:00:00,Tuesday
11393,2011-10-19 00:00:00,Wednesday
11394,2011-10-20 00:00:00,Thursday
11395,2011-10-21 00:00:00,Friday
11396,2011-10-22 00:00:00,Saturday
11397,2011-10-23 00:00:00,Sunday
11398,2011-10-24 00:00:00,Monday
11399,2011-10-25 00:00:00,Tuesday
11400,2011-10-26 00:00:00,Wednesday
11401,2011-10-27 00:00:00,Thursday
11402,2011-10-28 00:00:00,Friday
11403,2011-10-29 00:00:00,Saturday
11404,2011-10-30 00:00:00,Sunday
11405,2011-10-31 00:00:00,Monday
11406,2011-11-01 00:00:00,Tuesday
11407,2011-11-02 00:00:00,Wednesday
11408,2011-11-03 00:00:00,Thursday
11409,2011-11-04 00:00:00,Friday
11410,2011-11-05 00:00:00,Saturday
11411,2011-11-06 00:00:00,Sunday
11412,2011-11-07 00:00:00,Monday
11413,2011-11-08 00:00:00,Tuesday
11414,2011-11-09 00:00:00,Wednesday
11415,2011-11-10 00:00:00,Thursday
11416,2011-11-11 00:00:00,Friday
11417,2011-11-12 00:00:00,Saturday
11418,2011-11-13 00:00:00,Sunday
11419,2011-11-14 00:00:00,Monday
11420,2011-11-15 00:00:00,Tuesday
11421,2011-11-16 00:00:00,Wednesday
11422,2011-11-17 00:00:00,Thursday
11423,2011-11-18 00:00:00,Friday
11424,2011-11-19 00:00:00,Saturday
11425,2011-11-20 00:00:00,Sunday
11426,2011-11-21 00:00:00,Monday
11427,2011-11-22 00:00:00,Tuesday
11428,2011-11-23 00:00:00,Wednesday
11429,2011-11-24 00:00:00,Thursday
11430,2011-11-25 00:00:00,Friday
11431,2011-11-26 00:00:00,Saturday
11432,2011-11-27 00:00:00,Sunday
11433,2011-11-28 00:00:00,Monday
11434,2011-11-29 00:00:00,Tuesday
11435,2011-11-30 00:00:00,Wednesday
11436,2011-12-01 00:00:00,Thursday
11437,2011-12-02 00:00:00,Friday
11438,2011-12-03 00:00:00,Saturday
11439,2011-12-04 00:00:00,Sunday
11440,2011-12-05 00:00:00,Monday
11441,2011-12-06 00:00:00,Tuesday
11442,2011-12-07 00:00:00,Wednesday
11443,2011-12-08 00:00:00,Thursday
11444,2011-12-09 00:00:00,Friday
11445,2011-12-10 00:00:00,Saturday
11446,2011-12-11 00:00:00,Sunday
11447,2011-12-12 00:00:00,Monday
11448,2011-12-13 00:00:00,Tuesday
11449,2011-12-14 00:00:00,Wednesday
11450,2011-12-15 00:00:00,Thursday
11451,2011-12-16 00:00:00,Friday
11452,2011-12-17 00:00:00,Saturday
11453,2011-12-18 00:00:00,Sunday
11454,2011-12-19 00:00:00,Monday
11455,2011-12-20 00:00:00,Tuesday
11456,2011-12-21 00:00:00,Wednesday
11457,2011-12-22 00:00:00,Thursday
11458,2011-12-23 00:00:00,Friday
11459,2011-12-24 00:00:00,Saturday
11460,2011-12-25 00:00:00,Sunday
11461,2011-12-26 00:00:00,Monday
11462,2011-12-27 00:00:00,Tuesday
11463,2011-12-28 00:00:00,Wednesday
11464,2011-12-29 00:00:00,Thursday
11465,2011-12-30 00:00:00,Friday
11466,2011-12-31 00:00:00,Saturday
12501,2012-01-01 00:00:00,Sunday
12502,2012-01-02 00:00:00,Monday
12503,2012-01-03 00:00:00,Tuesday
12504,2012-01-04 00:00:00,Wednesday
12505,2012-01-05 00:00:00,Thursday
12506,2012-01-06 00:00:00,Friday
12507,2012-01-07 00:00:00,Saturday
12508,2012-01-08 00:00:00,Sunday
12509,2012-01-09 00:00:00,Monday
12510,2012-01-10 00:00:00,Tuesday
12511,2012-01-11 00:00:00,Wednesday
12512,2012-01-12 00:00:00,Thursday
12513,2012-01-13 00:00:00,Friday
12514,2012-01-14 00:00:00,Saturday
12515,2012-01-15 00:00:00,Sunday
12516,2012-01-16 00:00:00,Monday
12517,2012-01-17 00:00:00,Tuesday
12518,2012-01-18 00:00:00,Wednesday
12519,2012-01-19 00:00:00,Thursday
12520,2012-01-20 00:00:00,Friday
12521,2012-01-21 00:00:00,Saturday
12522,2012-01-22 00:00:00,Sunday
12523,2012-01-23 00:00:00,Monday
12524,2012-01-24 00:00:00,Tuesday
12525,2012-01-25 00:00:00,Wednesday
12526,2012-01-26 00:00:00,Thursday
12527,2012-01-27 00:00:00,Friday
12528,2012-01-28 00:00:00,Saturday
12529,2012-01-29 00:00:00,Sunday
12530,2012-01-30 00:00:00,Monday
12531,2012-01-31 00:00:00,Tuesday
12532,2012-02-01 00:00:00,Wednesday
12533,2012-02-02 00:00:00,Thursday
12534,2012-02-03 00:00:00,Friday
12535,2012-02-04 00:00:00,Saturday
12536,2012-02-05 00:00:00,Sunday
12537,2012-02-06 00:00:00,Monday
12538,2012-02-07 00:00:00,Tuesday
12539,2012-02-08 00:00:00,Wednesday
12540,2012-02-09 00:00:00,Thursday
12541,2012-02-10 00:00:00,Friday
12542,2012-02-11 00:00:00,Saturday
12543,2012-02-12 00:00:00,Sunday
12544,2012-02-13 00:00:00,Monday
12545,2012-02-14 00:00:00,Tuesday
12546,2012-02-15 00:00:00,Wednesday
12547,2012-02-16 00:00:00,Thursday
12548,2012-02-17 00:00:00,Friday
12549,2012-02-18 00:00:00,Saturday
12550,2012-02-19 00:00:00,Sunday
12551,2012-02-20 00:00:00,Monday
12552,2012-02-21 00:00:00,Tuesday
12553,2012-02-22 00:00:00,Wednesday
12554,2012-02-23 00:00:00,Thursday
12555,2012-02-24 00:00:00,Friday
12556,2012-02-25 00:00:00,Saturday
12557,2012-02-26 00:00:00,Sunday
12558,2012-02-27 00:00:00,Monday
12559,2012-02-28 00:00:00,Tuesday
12560,2012-02-29 00:00:00,Wednesday
12561,2012-03-01 00:00:00,Thursday
12562,2012-03-02 00:00:00,Friday
12563,2012-03-03 00:00:00,Saturday
12564,2012-03-04 00:00:00,Sunday
12565,2012-03-05 00:00:00,Monday
12566,2012-03-06 00:00:00,Tuesday
12567,2012-03-07 00:00:00,Wednesday
12568,2012-03-08 00:00:00,Thursday
12569,2012-03-09 00:00:00,Friday
12570,2012-03-10 00:00:00,Saturday
12571,2012-03-11 00:00:00,Sunday
12572,2012-03-12 00:00:00,Monday
12573,2012-03-13 00:00:00,Tuesday
12574,2012-03-14 00:00:00,Wednesday
12575,2012-03-15 00:00:00,Thursday
12576,2012-03-16 00:00:00,Friday
12577,2012-03-17 00:00:00,Saturday
12578,2012-03-18 00:00:00,Sunday
12579,2012-03-19 00:00:00,Monday
12580,2012-03-20 00:00:00,Tuesday
12581,2012-03-21 00:00:00,Wednesday
12582,2012-03-22 00:00:00,Thursday
12583,2012-03-23 00:00:00,Friday
12584,2012-03-24 00:00:00,Saturday
12585,2012-03-25 00:00:00,Sunday
12586,2012-03-26 00:00:00,Monday
12587,2012-03-27 00:00:00,Tuesday
12588,2012-03-28 00:00:00,Wednesday
12589,2012-03-29 00:00:00,Thursday
12590,2012-03-30 00:00:00,Friday
12591,2012-03-31 00:00:00,Saturday
12592,2012-04-01 00:00:00,Sunday
12593,2012-04-02 00:00:00,Monday
12594,2012-04-03 00:00:00,Tuesday
12595,2012-04-04 00:00:00,Wednesday
12596,2012-04-05 00:00:00,Thursday
12597,2012-04-06 00:00:00,Friday
12598,2012-04-07 00:00:00,Saturday
12599,2012-04-08 00:00:00,Sunday
12600,2012-04-09 00:00:00,Monday
12601,2012-04-10 00:00:00,Tuesday
12602,2012-04-11 00:00:00,Wednesday
12603,2012-04-12 00:00:00,Thursday
12604,2012-04-13 00:00:00,Friday
12605,2012-04-14 00:00:00,Saturday
12606,2012-04-15 00:00:00,Sunday
12607,2012-04-16 00:00:00,Monday
12608,2012-04-17 00:00:00,Tuesday
12609,2012-04-18 00:00:00,Wednesday
12610,2012-04-19 00:00:00,Thursday
12611,2012-04-20 00:00:00,Friday
12612,2012-04-21 00:00:00,Saturday
12613,2012-04-22 00:00:00,Sunday
12614,2012-04-23 00:00:00,Monday
12615,2012-04-24 00:00:00,Tuesday
12616,2012-04-25 00:00:00,Wednesday
12617,2012-04-26 00:00:00,Thursday
12618,2012-04-27 00:00:00,Friday
12619,2012-04-28 00:00:00,Saturday
12620,2012-04-29 00:00:00,Sunday
12621,2012-04-30 00:00:00,Monday
12622,2012-05-01 00:00:00,Tuesday
12623,2012-05-02 00:00:00,Wednesday
12624,2012-05-03 00:00:00,Thursday
12625,2012-05-04 00:00:00,Friday
12626,2012-05-05 00:00:00,Saturday
12627,2012-05-06 00:00:00,Sunday
12628,2012-05-07 00:00:00,Monday
12629,2012-05-08 00:00:00,Tuesday
12630,2012-05-09 00:00:00,Wednesday
12631,2012-05-10 00:00:00,Thursday
12632,2012-05-11 00:00:00,Friday
12633,2012-05-12 00:00:00,Saturday
12634,2012-05-13 00:00:00,Sunday
12635,2012-05-14 00:00:00,Monday
12636,2012-05-15 00:00:00,Tuesday
12637,2012-05-16 00:00:00,Wednesday
12638,2012-05-17 00:00:00,Thursday
12639,2012-05-18 00:00:00,Friday
12640,2012-05-19 00:00:00,Saturday
12641,2012-05-20 00:00:00,Sunday
12642,2012-05-21 00:00:00,Monday
12643,2012-05-22 00:00:00,Tuesday
12644,2012-05-23 00:00:00,Wednesday
12645,2012-05-24 00:00:00,Thursday
12646,2012-05-25 00:00:00,Friday
12647,2012-05-26 00:00:00,Saturday
12648,2012-05-27 00:00:00,Sunday
12649,2012-05-28 00:00:00,Monday
12650,2012-05-29 00:00:00,Tuesday
12651,2012-05-30 00:00:00,Wednesday
12652,2012-05-31 00:00:00,Thursday
12653,2012-06-01 00:00:00,Friday
12654,2012-06-02 00:00:00,Saturday
12655,2012-06-03 00:00:00,Sunday
12656,2012-06-04 00:00:00,Monday
12657,2012-06-05 00:00:00,Tuesday
12658,2012-06-06 00:00:00,Wednesday
12659,2012-06-07 00:00:00,Thursday
12660,2012-06-08 00:00:00,Friday
12661,2012-06-09 00:00:00,Saturday
12662,2012-06-10 00:00:00,Sunday
12663,2012-06-11 00:00:00,Monday
12664,2012-06-12 00:00:00,Tuesday
12665,2012-06-13 00:00:00,Wednesday
12666,2012-06-14 00:00:00,Thursday
12667,2012-06-15 00:00:00,Friday
12668,2012-06-16 00:00:00,Saturday
12669,2012-06-17 00:00:00,Sunday
12670,2012-06-18 00:00:00,Monday
12671,2012-06-19 00:00:00,Tuesday
12672,2012-06-20 00:00:00,Wednesday
12673,2012-06-21 00:00:00,Thursday
12674,2012-06-22 00:00:00,Friday
12675,2012-06-23 00:00:00,Saturday
12676,2012-06-24 00:00:00,Sunday
12677,2012-06-25 00:00:00,Monday
12678,2012-06-26 00:00:00,Tuesday
12679,2012-06-27 00:00:00,Wednesday
12680,2012-06-28 00:00:00,Thursday
12681,2012-06-29 00:00:00,Friday
12682,2012-06-30 00:00:00,Saturday
12683,2012-07-01 00:00:00,Sunday
12684,2012-07-02 00:00:00,Monday
12685,2012-07-03 00:00:00,Tuesday
12686,2012-07-04 00:00:00,Wednesday
12687,2012-07-05 00:00:00,Thursday
12688,2012-07-06 00:00:00,Friday
12689,2012-07-07 00:00:00,Saturday
12690,2012-07-08 00:00:00,Sunday
12691,2012-07-09 00:00:00,Monday
12692,2012-07-10 00:00:00,Tuesday
12693,2012-07-11 00:00:00,Wednesday
12694,2012-07-12 00:00:00,Thursday
12695,2012-07-13 00:00:00,Friday
12696,2012-07-14 00:00:00,Saturday
12697,2012-07-15 00:00:00,Sunday
12698,2012-07-16 00:00:00,Monday
12699,2012-07-17 00:00:00,Tuesday
12700,2012-07-18 00:00:00,Wednesday
12701,2012-07-19 00:00:00,Thursday
12702,2012-07-20 00:00:00,Friday
12703,2012-07-21 00:00:00,Saturday
12704,2012-07-22 00:00:00,Sunday
12705,2012-07-23 00:00:00,Monday
12706,2012-07-24 00:00:00,Tuesday
12707,2012-07-25 00:00:00,Wednesday
12708,2012-07-26 00:00:00,Thursday
12709,2012-07-27 00:00:00,Friday
12710,2012-07-28 00:00:00,Saturday
12711,2012-07-29 00:00:00,Sunday
12712,2012-07-30 00:00:00,Monday
12713,2012-07-31 00:00:00,Tuesday
12714,2012-08-01 00:00:00,Wednesday
12715,2012-08-02 00:00:00,Thursday
12716,2012-08-03 00:00:00,Friday
12717,2012-08-04 00:00:00,Saturday
12718,2012-08-05 00:00:00,Sunday
12719,2012-08-06 00:00:00,Monday
12720,2012-08-07 00:00:00,Tuesday
12721,2012-08-08 00:00:00,Wednesday
12722,2012-08-09 00:00:00,Thursday
12723,2012-08-10 00:00:00,Friday
12724,2012-08-11 00:00:00,Saturday
12725,2012-08-12 00:00:00,Sunday
12726,2012-08-13 00:00:00,Monday
12727,2012-08-14 00:00:00,Tuesday
12728,2012-08-15 00:00:00,Wednesday
12729,2012-08-16 00:00:00,Thursday
12730,2012-08-17 00:00:00,Friday
12731,2012-08-18 00:00:00,Saturday
12732,2012-08-19 00:00:00,Sunday
12733,2012-08-20 00:00:00,Monday
12734,2012-08-21 00:00:00,Tuesday
12735,2012-08-22 00:00:00,Wednesday
12736,2012-08-23 00:00:00,Thursday
12737,2012-08-24 00:00:00,Friday
12738,2012-08-25 00:00:00,Saturday
12739,2012-08-26 00:00:00,Sunday
12740,2012-08-27 00:00:00,Monday
12741,2012-08-28 00:00:00,Tuesday
12742,2012-08-29 00:00:00,Wednesday
12743,2012-08-30 00:00:00,Thursday
12744,2012-08-31 00:00:00,Friday
12745,2012-09-01 00:00:00,Saturday
12746,2012-09-02 00:00:00,Sunday
12747,2012-09-03 00:00:00,Monday
12748,2012-09-04 00:00:00,Tuesday
12749,2012-09-05 00:00:00,Wednesday
12750,2012-09-06 00:00:00,Thursday
12751,2012-09-07 00:00:00,Friday
12752,2012-09-08 00:00:00,Saturday
12753,2012-09-09 00:00:00,Sunday
12754,2012-09-10 00:00:00,Monday
12755,2012-09-11 00:00:00,Tuesday
12756,2012-09-12 00:00:00,Wednesday
12757,2012-09-13 00:00:00,Thursday
12758,2012-09-14 00:00:00,Friday
12759,2012-09-15 00:00:00,Saturday
12760,2012-09-16 00:00:00,Sunday
12761,2012-09-17 00:00:00,Monday
12762,2012-09-18 00:00:00,Tuesday
12763,2012-09-19 00:00:00,Wednesday
12764,2012-09-20 00:00:00,Thursday
12765,2012-09-21 00:00:00,Friday
12766,2012-09-22 00:00:00,Saturday
12767,2012-09-23 00:00:00,Sunday
12768,2012-09-24 00:00:00,Monday
12769,2012-09-25 00:00:00,Tuesday
12770,2012-09-26 00:00:00,Wednesday
12771,2012-09-27 00:00:00,Thursday
12772,2012-09-28 00:00:00,Friday
12773,2012-09-29 00:00:00,Saturday
12774,2012-09-30 00:00:00,Sunday
12775,2012-10-01 00:00:00,Monday
12776,2012-10-02 00:00:00,Tuesday
12777,2012-10-03 00:00:00,Wednesday
12778,2012-10-04 00:00:00,Thursday
12779,2012-10-05 00:00:00,Friday
12780,2012-10-06 00:00:00,Saturday
12781,2012-10-07 00:00:00,Sunday
12782,2012-10-08 00:00:00,Monday
12783,2012-10-09 00:00:00,Tuesday
12784,2012-10-10 00:00:00,Wednesday
12785,2012-10-11 00:00:00,Thursday
12786,2012-10-12 00:00:00,Friday
12787,2012-10-13 00:00:00,Saturday
12788,2012-10-14 00:00:00,Sunday
12789,2012-10-15 00:00:00,Monday
12790,2012-10-16 00:00:00,Tuesday
12791,2012-10-17 00:00:00,Wednesday
12792,2012-10-18 00:00:00,Thursday
12793,2012-10-19 00:00:00,Friday
12794,2012-10-20 00:00:00,Saturday
12795,2012-10-21 00:00:00,Sunday
12796,2012-10-22 00:00:00,Monday
12797,2012-10-23 00:00:00,Tuesday
12798,2012-10-24 00:00:00,Wednesday
12799,2012-10-25 00:00:00,Thursday
12800,2012-10-26 00:00:00,Friday
12801,2012-10-27 00:00:00,Saturday
12802,2012-10-28 00:00:00,Sunday
12803,2012-10-29 00:00:00,Monday
12804,2012-10-30 00:00:00,Tuesday
12805,2012-10-31 00:00:00,Wednesday
12806,2012-11-01 00:00:00,Thursday
12807,2012-11-02 00:00:00,Friday
12808,2012-11-03 00:00:00,Saturday
12809,2012-11-04 00:00:00,Sunday
12810,2012-11-05 00:00:00,Monday
12811,2012-11-06 00:00:00,Tuesday
12812,2012-11-07 00:00:00,Wednesday
12813,2012-11-08 00:00:00,Thursday
12814,2012-11-09 00:00:00,Friday
12815,2012-11-10 00:00:00,Saturday
12816,2012-11-11 00:00:00,Sunday
12817,2012-11-12 00:00:00,Monday
12818,2012-11-13 00:00:00,Tuesday
12819,2012-11-14 00:00:00,Wednesday
12820,2012-11-15 00:00:00,Thursday
12821,2012-11-16 00:00:00,Friday
12822,2012-11-17 00:00:00,Saturday
12823,2012-11-18 00:00:00,Sunday
12824,2012-11-19 00:00:00,Monday
12825,2012-11-20 00:00:00,Tuesday
12826,2012-11-21 00:00:00,Wednesday
12827,2012-11-22 00:00:00,Thursday
12828,2012-11-23 00:00:00,Friday
12829,2012-11-24 00:00:00,Saturday
12830,2012-11-25 00:00:00,Sunday
12831,2012-11-26 00:00:00,Monday
12832,2012-11-27 00:00:00,Tuesday
12833,2012-11-28 00:00:00,Wednesday
12834,2012-11-29 00:00:00,Thursday
12835,2012-11-30 00:00:00,Friday
12836,2012-12-01 00:00:00,Saturday
12837,2012-12-02 00:00:00,Sunday
12838,2012-12-03 00:00:00,Monday
12839,2012-12-04 00:00:00,Tuesday
12840,2012-12-05 00:00:00,Wednesday
12841,2012-12-06 00:00:00,Thursday
12842,2012-12-07 00:00:00,Friday
12843,2012-12-08 00:00:00,Saturday
12844,2012-12-09 00:00:00,Sunday
12845,2012-12-10 00:00:00,Monday
12846,2012-12-11 00:00:00,Tuesday
12847,2012-12-12 00:00:00,Wednesday
12848,2012-12-13 00:00:00,Thursday
12849,2012-12-14 00:00:00,Friday
12850,2012-12-15 00:00:00,Saturday
12851,2012-12-16 00:00:00,Sunday
12852,2012-12-17 00:00:00,Monday
12853,2012-12-18 00:00:00,Tuesday
12854,2012-12-19 00:00:00,Wednesday
12855,2012-12-20 00:00:00,Thursday
12856,2012-12-21 00:00:00,Friday
12857,2012-12-22 00:00:00,Saturday
12858,2012-12-23 00:00:00,Sunday
12859,2012-12-24 00:00:00,Monday
12860,2012-12-25 00:00:00,Tuesday
12861,2012-12-26 00:00:00,Wednesday
12862,2012-12-27 00:00:00,Thursday
12863,2012-12-28 00:00:00,Friday
12864,2012-12-29 00:00:00,Saturday
12865,2012-12-30 00:00:00,Sunday
12866,2012-12-31 00:00:00,Monday
13101,2013-01-01 00:00:00,Tuesday
13102,2013-01-02 00:00:00,Wednesday
13103,2013-01-03 00:00:00,Thursday
13104,2013-01-04 00:00:00,Friday
13105,2013-01-05 00:00:00,Saturday
13106,2013-01-06 00:00:00,Sunday
13107,2013-01-07 00:00:00,Monday
13108,2013-01-08 00:00:00,Tuesday
13109,2013-01-09 00:00:00,Wednesday
13110,2013-01-10 00:00:00,Thursday
13111,2013-01-11 00:00:00,Friday
13112,2013-01-12 00:00:00,Saturday
13113,2013-01-13 00:00:00,Sunday
13114,2013-01-14 00:00:00,Monday
13115,2013-01-15 00:00:00,Tuesday
13116,2013-01-16 00:00:00,Wednesday
13117,2013-01-17 00:00:00,Thursday
13118,2013-01-18 00:00:00,Friday
13119,2013-01-19 00:00:00,Saturday
13120,2013-01-20 00:00:00,Sunday
13121,2013-01-21 00:00:00,Monday
13122,2013-01-22 00:00:00,Tuesday
13123,2013-01-23 00:00:00,Wednesday
13124,2013-01-24 00:00:00,Thursday
13125,2013-01-25 00:00:00,Friday
13126,2013-01-26 00:00:00,Saturday
13127,2013-01-27 00:00:00,Sunday
13128,2013-01-28 00:00:00,Monday
13129,2013-01-29 00:00:00,Tuesday
13130,2013-01-30 00:00:00,Wednesday
13131,2013-01-31 00:00:00,Thursday
13132,2013-02-01 00:00:00,Friday
